GLSGXMKPL,KLFLWPRR
GLSGXMKPL,XFNCCFRHOUQ
GLSGXMKPL,LIDFKPVEGG
GLSGXMKPL,EKTFYICQ
GLSGXMKPL,TZVJNEOA
GLSGXMKPL,ADXTQLJKVNQ
GLSGXMKPL,LQHCXSBJ
GLSGXMKPL,CJMMPFFWUTQ
GLSGXMKPL,LLWJGNQ
GLSGXMKPL,PXXEFIABV
GLSGXMKPL,DMPRMUHJDWL
GLSGXMKPL,PEFRYQSXUP
GLSGXMKPL,AYDKPQ
GLSGXMKPL,YZLIRNEIGKR
GLSGXMKPL,WLZJEBPZX
GLSGXMKPL,MEYXRZM
GLSGXMKPL,PIEORQNNX
GLSGXMKPL,EJZQHIS
GLSGXMKPL,DOSNCACFESQ
GLSGXMKPL,YSWSODBVJQA
GLSGXMKPL,LKTQDNVXHPZC
GLSGXMKPL,OWVQDRYLQ
GLSGXMKPL,ZNVNNMA
KLFLWPRR,GKYQFHCA
KLFLWPRR,AFUSWHQ
KLFLWPRR,EMIXAQE
KLFLWPRR,TGOAWGHVDWH
KLFLWPRR,RYCQQ
KLFLWPRR,EFMRWWHKT
KLFLWPRR,WRQNKVP
KLFLWPRR,QBJZBRPJTMPQ
KLFLWPRR,VIYZANEFQ
KLFLWPRR,CEKSZSRYQ
KLFLWPRR,AOSDXZAKBOASQ
KLFLWPRR,IFBDNVXQBC
XFNCCFRHOUQ,BLKZLWUWMFHFOA
XFNCCFRHOUQ,IKTNYTRWSA
XFNCCFRHOUQ,BLWZCGA
XFNCCFRHOUQ,HXKKAKNMLP
XFNCCFRHOUQ,XLQHLYMGVE
XFNCCFRHOUQ,WKQJSXVXXLS
XFNCCFRHOUQ,HLETYGZF
XFNCCFRHOUQ,BIPTHQRCQ
XFNCCFRHOUQ,NMSBAGX
XFNCCFRHOUQ,AJPAUKII
XFNCCFRHOUQ,GZSFOYWMMDTBQ
XFNCCFRHOUQ,NFWLVHMGRA
XFNCCFRHOUQ,TRHOTGGZAQA
XFNCCFRHOUQ,LBMLRSHGYH
XFNCCFRHOUQ,BKNWGPPBO
XFNCCFRHOUQ,MNNPOSCTA
XFNCCFRHOUQ,ANFPFLZUQ
LIDFKPVEGG,HCPXSHCIA
LIDFKPVEGG,IHRBIHRB
LIDFKPVEGG,HMHPGCBVTZRRE
LIDFKPVEGG,YWGQGROEHP
LIDFKPVEGG,OOWZTA
LIDFKPVEGG,FFYAOYMNYX
LIDFKPVEGG,OTQFKMQEJM
LIDFKPVEGG,CXEENAPIHECPQ
LIDFKPVEGG,LGKNDITA
LIDFKPVEGG,RURKAVA
LIDFKPVEGG,EOGBVRFLJD
LIDFKPVEGG,SOTITWQGTZQ
LIDFKPVEGG,GCFMWBQ
LIDFKPVEGG,FUOWOFJKFTQ
LIDFKPVEGG,MVAANYLJYF
EKTFYICQ,WGLMQKYUA
EKTFYICQ,RQKBIAOYLYFIA
EKTFYICQ,WSSKOZQ
EKTFYICQ,SKDPLVKBRNWDZMQ
EKTFYICQ,TGVXA
EKTFYICQ,QETNQMA
EKTFYICQ,ORFJNGKBIR
EKTFYICQ,YMNKRRB
EKTFYICQ,FUZCMRWWJA
EKTFYICQ,BDNYEHZD
EKTFYICQ,SIBJLPMA
EKTFYICQ,RSHZNEVIG
EKTFYICQ,JYOFBQ
EKTFYICQ,YLZBUGXNDDSA
EKTFYICQ,KIMELQDECI
EKTFYICQ,WPZZYUA
EKTFYICQ,UGYBLAXO
EKTFYICQ,BOGXDLKXSGLXLA
EKTFYICQ,YNLFYZLQA
EKTFYICQ,HEIFKJGUY
EKTFYICQ,DBXNQ
EKTFYICQ,HKBORVIBE
EKTFYICQ,NWANTHJVJ
EKTFYICQ,EOWCYCHUA
EKTFYICQ,AOVMGGA
EKTFYICQ,EZWRA
EKTFYICQ,MIGYPNYBHKQXFA
EKTFYICQ,CUSJJESDRVQ
EKTFYICQ,TUGPHKPZA
EKTFYICQ,DOLQQNOVD
EKTFYICQ,GSGMGHAIA
EKTFYICQ,VFAQDTVQ
EKTFYICQ,TLLIXEDTW
EKTFYICQ,XWNEIECKH
EKTFYICQ,YGNLELGZYJXCQ
EKTFYICQ,CHLQIRLFIQQ
EKTFYICQ,KUWGXVOIJTQ
EKTFYICQ,CRWXKUCQ
EKTFYICQ,ETEWROBM
EKTFYICQ,EHQICO
EKTFYICQ,QVAJDENA
EKTFYICQ,AOPMIXGQ
EKTFYICQ,BJNJRKAA
EKTFYICQ,ATZNRSYIQ
EKTFYICQ,FARWORDZ
EKTFYICQ,JTFGZUING
EKTFYICQ,OHMTLCIQ
EKTFYICQ,USFAQ
EKTFYICQ,SIHCVEWOL
EKTFYICQ,QTXTVOIVWW
EKTFYICQ,BIRDLINOSQ
EKTFYICQ,CYAPSRFAQ
EKTFYICQ,MZKQZTJKA
EKTFYICQ,JIUDRHGSHPHA
EKTFYICQ,ZPPBMYEFTQ
EKTFYICQ,ECUTJ
EKTFYICQ,IWQPEXLNQ
EKTFYICQ,DWZQRROU
EKTFYICQ,VBBPYJNYE
EKTFYICQ,HAOCXXUJI
EKTFYICQ,GGEYOCQ
EKTFYICQ,OWFEEYDQ
TZVJNEOA,MWCELLHO
TZVJNEOA,PQXWQORJA
TZVJNEOA,FJUSTIWTXRFFIMZ
TZVJNEOA,RFCSTWA
TZVJNEOA,NZAKEGWA
TZVJNEOA,MBJKFPNZNQ
TZVJNEOA,WAPFGIRLHQ
ADXTQLJKVNQ,LNYGCOPDREUQ
ADXTQLJKVNQ,NFLIHMPFL
ADXTQLJKVNQ,FOATFCFSFZQ
ADXTQLJKVNQ,QWTDIYIJ
ADXTQLJKVNQ,KTRGRDZVOQ
ADXTQLJKVNQ,OQWTELAJ
LQHCXSBJ,WZOMQIGWBUIAHA
LQHCXSBJ,YWWOKSM
LQHCXSBJ,AUNLTGA
LQHCXSBJ,PIXEZPPAPIRGQ
LQHCXSBJ,JWAEAVRQKYQ
LQHCXSBJ,TELNBGA
CJMMPFFWUTQ,GIHCYTU
CJMMPFFWUTQ,HDGNJKR
CJMMPFFWUTQ,CWWPWFJA
CJMMPFFWUTQ,SWXNGXZO
CJMMPFFWUTQ,CBIHJRCYWWAA
CJMMPFFWUTQ,GVYAMSNA
CJMMPFFWUTQ,CJOGRFQ
CJMMPFFWUTQ,KORYSQOANBQ
CJMMPFFWUTQ,IWWMXCPKTA
CJMMPFFWUTQ,VMVLDDKZBA
CJMMPFFWUTQ,IBKEOYUC
CJMMPFFWUTQ,HBBQGIFMSWBDJA
CJMMPFFWUTQ,GCVMRBVURQ
CJMMPFFWUTQ,FFHMBZVUXKEG
CJMMPFFWUTQ,OUVRQTX
CJMMPFFWUTQ,TNGLXWMO
CJMMPFFWUTQ,HOEYVJK
CJMMPFFWUTQ,YCNLNLPHHTA
CJMMPFFWUTQ,GXEWTPNHDAQ
CJMMPFFWUTQ,NQMQTQBKRZLE
CJMMPFFWUTQ,XLNMOIUW
CJMMPFFWUTQ,JQGXAEFTH
CJMMPFFWUTQ,YXGGRREFMMUA
CJMMPFFWUTQ,FGRSWUISFXYQ
CJMMPFFWUTQ,WFLVWFVDWXDVA
CJMMPFFWUTQ,KBPTQSAEA
CJMMPFFWUTQ,PEERXTGEUIQTQ
CJMMPFFWUTQ,KGAXVRQ
CJMMPFFWUTQ,XJSTZJ
CJMMPFFWUTQ,LNMQGWF
CJMMPFFWUTQ,OQLZFPSVET
CJMMPFFWUTQ,BIDEQ
LLWJGNQ,ZXGEOSMA
LLWJGNQ,RQHKJLUF
LLWJGNQ,EQVRBLUQ
LLWJGNQ,OZBKPOEAJF
LLWJGNQ,WDQMICGM
LLWJGNQ,XFONYPYD
LLWJGNQ,LBZUCPBF
LLWJGNQ,CJVSLEDWOAAA
LLWJGNQ,ESMOCHKO
LLWJGNQ,BAABQABKMA
LLWJGNQ,ZWLCEAOWFEA
PXXEFIABV,QIFCNWP
PXXEFIABV,NDDZGA
PXXEFIABV,PYSSKDNSEQHA
PXXEFIABV,DQOCEOMZRYIA
PXXEFIABV,KJBYELSA
DMPRMUHJDWL,YDNGVA
DMPRMUHJDWL,QBHDWGXML
DMPRMUHJDWL,GTEMOCNA
DMPRMUHJDWL,TKDVWHQ
DMPRMUHJDWL,FCTOXRAZYYJJA
DMPRMUHJDWL,UIGYZIYJVEYXZT
DMPRMUHJDWL,WWASOPJEWHQ
DMPRMUHJDWL,PLUBLFCVJGI
DMPRMUHJDWL,IGEVIXBI
DMPRMUHJDWL,OLQLRYFKZA
DMPRMUHJDWL,EHJBGPERGNA
PEFRYQSXUP,SIMTNXVA
PEFRYQSXUP,JTQYZRMWA
PEFRYQSXUP,JQGMBDOEYA
PEFRYQSXUP,UVSJWSAR
PEFRYQSXUP,JKFIJBTT
PEFRYQSXUP,OACSLZDLA
PEFRYQSXUP,LVBFEHGNPISPVA
PEFRYQSXUP,SIOEDQJPM
PEFRYQSXUP,NWMCVEHYGN
PEFRYQSXUP,FBVZSLBILGI
PEFRYQSXUP,ZXYVOXDQ
PEFRYQSXUP,LNWXVEYNQ
PEFRYQSXUP,YWHDPZOIBFA
AYDKPQ,VFCQNAX
AYDKPQ,QASSVEKAFRN
AYDKPQ,FVZAEMR
AYDKPQ,KJTMZNYBTP
YZLIRNEIGKR,PMMJCZLY
YZLIRNEIGKR,NGEJGHHFOVYKQ
YZLIRNEIGKR,HDIJMJSXNBPGXF
YZLIRNEIGKR,JLEBTF
WLZJEBPZX,SFAUDR
WLZJEBPZX,RJJZUXUORH
WLZJEBPZX,HREIX
WLZJEBPZX,XMLLBQGHSA
WLZJEBPZX,EVFPEFVGVQ
WLZJEBPZX,NZDHJHNWC
MEYXRZM,HEABA
MEYXRZM,KEIJOTQ
PIEORQNNX,KPBOGPUJXQ
PIEORQNNX,YZBVCIGRQ
PIEORQNNX,ZZGBZWTLKBRH
EJZQHIS,LHESJVSSCMVNQ
EJZQHIS,GCQCSMZBQ
EJZQHIS,GBHAMJRQFCLB
EJZQHIS,VOYAHFEUA
EJZQHIS,XAJTWOFCA
EJZQHIS,CCJBJYTIQ
EJZQHIS,GGSPRJQAKGVXYX
EJZQHIS,GYPLOZBSWCXA
EJZQHIS,IBWZUEDOJVGIQGELQ
EJZQHIS,KLIXTAAXSSA
DOSNCACFESQ,BVHJTZUHHWSA
DOSNCACFESQ,UXFTBZXLZ
DOSNCACFESQ,PHGANTZAJHQ
DOSNCACFESQ,GSYKETJXD
DOSNCACFESQ,CTQQGHAPAXX
DOSNCACFESQ,PGHAGJG
DOSNCACFESQ,MZQTJWDSIA
DOSNCACFESQ,QRRZWIZ
YSWSODBVJQA,BNYHQ
LKTQDNVXHPZC,GGMQFNVJKKZIQ
LKTQDNVXHPZC,IRBSFOQ
LKTQDNVXHPZC,EWAMX
LKTQDNVXHPZC,GRQAGRQA
LKTQDNVXHPZC,PLXOYXDMHWW
LKTQDNVXHPZC,IXRSFFCXQBF
OWVQDRYLQ,DBOCH
OWVQDRYLQ,GIUBTPAGWFO
OWVQDRYLQ,TXOIVOFZPSSUUOA
OWVQDRYLQ,YHPLWXA
OWVQDRYLQ,ZODVDLXZLHA
ZNVNNMA,NNIWQIQRQ
